name,version,author,date,category
aaahhh,1,reverie,2020-10-25,smallface
acreature,1,birds_probably,2024-06-20,character
ah,1,skeddles,2019-03-10,face
ahh,1,starlane,2020-10-19,face
aliem,1,skeddles,2023-09-08,face
amen,1,gg,2024-06-27,bodypart
animeglasses,1,braquen,2023-03-27,face
anubers,1,anubiarts,2024-06-19,member
armleft,1,degi,2022-09-20,bodypart
armright,1,degi,2022-09-20,bodypart
arthour,1,gg,2022-09-18,member
aseprite,1,icezeekay,2022-09-18,logo
awkward,1,skeddles,2020-04-13,face
awkward,2,skeddles,2020-05-23,face
awooga,1,sk3ll,2021-11-28,face
awooga,2,braquen,2023-03-27,face
ayy,1,skeddles,2020-07-08,face
babybirb,1,paultron,2024-05-05,membervariant
bang,1,gg,2024-12-18,symbol
bang,2,gg,2024-12-18,symbol
bashful,1,noxitive,2020-07-30,face
bashful,2,skeddles,2020-07-30,face
beerforfrank,1,skeddles,2021-02-09,object
befuddled,1,skeddles,2023-05-18,face
behind,1,skeddles,2023-05-18,bodypart
bigbrain,1,grafxkid,2021-06-23,face
bigbrain,2,beeno,2023-10-23,face
biggrin,1,spacesandwich,2022-09-18,face
birb,1,skeddles,2020-07-13,member
birb,2,skeddles,2024-06-09,member
birback,1,qirlfriend,2024-05-24,membervariant
birbflu,1,qirlfriend,2023-12-14,membervariant
blank,1,skeddles,2023-05-18,pixel
blap,1,skeddles,2023-03-31,face
bloodeatinggrin,1,lmcrex,2020-10-20,face
bloodeatinggrin,2,gg,2024-06-22,face
blushy,1,urablob,2023-04-17,face
bomber,1,steelsoldier,2024-06-01,object
bonk,1,skeddles,2020-07-13,object
boo,1,skeddles,2021-05-29,character
brimbo,1,anubi,2022-09-18,character
brimbokisser,1,birds_probably,2024-05-07,character
bruh,1,sk3ll,2020-12-23,face
bruh,2,isa,2021-06-23,face
buff,1,sk3ll,2020-10-26,bodypart
buff,2,skeddles,2024-11-25,bodypart
buffleft,1,gg,2023-05-19,bodypart
buffright,1,gg,2023-05-19,bodypart
bullet,1,skeddles,2023-05-24,object
bwillers,1,qirlfriend,2024-06-30,member
check,1,skeddles,2020-05-07,symbol
check,2,kingw,2020-07-08,symbol
cheeky,1,noxitive,2020-07-30,face
cheeky,2,pureasbestos,2024-06-19,face
choco,1,noxitive,2020-06-17,bodypart
clapp,1,skeddles,2020-07-14,bodypart
clench,1,skeddles,2019-03-10,face
cloudy,1,skeddles,2019-08-27,object
clownin,1,sk3ll,2020-11-04,face
clueless,1,skeddles,2023-09-23,face
colors,1,skeddles,2019-03-12,face
commies,1,jamestdg,2023-10-18,object
confusion,1,noxitive,2020-07-30,smallface
confusion,2,pureasbestos,2024-06-19,smallface
controller,1,spacesandwich,2022-09-18,object
coolayy,1,skeddles,2021-01-22,face
coolestpersoneverrighthere,1,skeddles,2019-03-10,face
coolguy,1,reverie,2020-10-25,smallface
coolsob,1,kingw,2020-04-13,face
craig,1,skeddles,2023-03-31,face
crazy,1,skeddles,2020-04-13,face
crow,1,skeddles,2023-06-01,animal
cursed,1,noxitive,2020-10-24,face
cursed,2,noxitive,2021-06-17,face
cute,1,skeddles,2019-03-14,face
cyclops,1,bren,2020-12-17,face
dabmeup,1,skeddles,2021-06-25,face
dank,1,skeddles,2020-07-13,object
dankh,1,starlane,2020-10-19,object
depression,1,shidoengie,2021-03-09,face
derp,1,skeddles,2019-08-27,face
devious,1,braquen,2023-03-19,face
dewit,1,skeddles,2024-06-10,character
diaggy,1,skeddles,2023-05-24,face
disgruntled,1,skeddles,2023-05-18,face
disturbed,1,skeddles,2019-03-10,face
ditto,1,skeddles,2020-05-23,character
donttalktomeormysoneveragain,1,paultron,2024-05-05,member
donttalktomeormysoneveragain,2,skeddles,2024-05-07,member
doot,1,wildleoknight,2019-10-20,character
doot,2,skeddles,2020-05-23,character
drooly,1,skeddles,2019-03-10,face
ducky,1,pit,2023-03-28,animal
dummythicc,1,bren,2021-05-11,bodypart
eggg,1,qirlfriend,2023-05-17,member
eggg,2,qirlfriend,2024-06-11,member
egggawooga,1,skeddles,2024-05-26,membervariant
electrode,1,skeddles,2019-08-27,character
epic,1,bikeh,2022-09-07,face
evil,1,skeddles,2019-08-27,face
evile,1,isa,2021-06-17,face
evilmoment,1,isa,2021-06-18,face
exasperation,1,copheemoth,2021-04-09,face
exasperation,2,skeddles,2023-05-18,face
eyesee,1,skeddles,2020-04-13,bodypart
eyesleep,1,skeddles,2021-06-17,bodypart
fading,1,skeddles,2023-09-08,face
ff,1,starlane,2020-05-23,object
ff,2,starlane,2020-05-23,object
flanndor,1,skeddles,2023-05-18,member
flare,1,braquen,2020-07-30,face
flare,2,braquen,2020-07-30,face
flatten,1,beeno,2023-03-27,object
flattered,1,skeddles,2019-08-27,face
flushed1,1,copheemoth,2021-04-09,face
fool,1,reverie,2020-10-25,face
frown,1,skeddles,2019-03-10,face
gaze,1,reverie,2020-10-25,face
glee,1,skeddles,2021-04-12,face
glitch,1,skeddles,2021-05-28,face
goodnight,1,skeddles,2019-08-27,face
goosey,1,reverie,2020-12-04,animal
gop,1,noxitive,2020-10-25,face
gop,2,noxitive,2021-06-17,face
grinny,1,skeddles,2019-03-10,face
gross,1,skeddles,2020-05-23,face
gunnel,1,noxitive,2020-05-09,bodypart
gunnel,2,noxitive,2021-06-25,bodypart
gunnel,3,gg,2024-06-23,bodypart
gunner,1,noxitive,2020-05-09,bodypart
gunner,2,noxitive,2021-06-25,bodypart
gunner,3,gg,2024-06-23,bodypart
h2o,1,noxitive,2020-06-17,bodypart
haha,1,skeddles,2019-03-12,face
handip,1,grafxkid,2021-06-24,bodypart
hando,1,noxitive,2020-07-30,bodypart
hando,2,skeddles,2020-07-30,bodypart
hando,3,skeddles,2024-11-25,bodypart
handsome,1,skeddles,2023-05-24,face
handy,1,noxitive,2020-07-30,bodypart
handy,2,skeddles,2020-07-30,bodypart
handy,3,skeddles,2024-11-25,bodypart
happy,1,skeddles,2019-03-10,face
heartbroken,1,skeddles,2024-02-08,symbol
hellaspec,1,noxitive,2020-07-30,face
hellaspec,2,skeddles,2020-07-30,face
hero,1,skeddles,2023-05-18,character
hmm,1,skeddles,2019-03-10,face
husk,1,sk3ll,2020-10-19,face
husk,2,reverie,2021-06-23,face
inspect,1,skeddles,2020-04-13,face
jibby,1,skeddles,2023-09-08,member
jimface,1,skeddles,2023-03-28,face
kawaii,1,noxitive,2020-11-18,bodypart
kissywink,1,skeddles,2020-04-13,face
knock,1,gg,2024-11-16,object
krita,1,paultron,2023-03-29,logo
krita,2,skeddles,2023-05-18,logo
laugh,1,skeddles,2020-04-13,face
legs,1,reverie,2020-10-25,bodypart
lem,1,isa,2021-06-25,object
lem,2,skeddles,2021-06-25,object
letsfrickinggo,1,layzee,2021-06-17,face
letsfrickinggo,2,noxitive,2021-06-17,face
licky,1,noxitive,2020-07-30,face
licky,2,skeddles,2020-07-30,face
lil,1,copheemoth,2021-04-09,face
lit,1,skeddles,2020-05-23,object
lookaway,1,skeddles,2019-08-27,face
lookdown,1,skeddles,2021-06-24,face
lookup,1,skeddles,2021-06-24,face
lospecgold,1,paultron,2022-09-20,logo
lospecgold,2,paultron,2022-09-22,logo
lospecgoldc,1,paultron,2022-09-22,logo
lospecgolde,1,paultron,2022-09-22,logo
lospecgoldo,1,paultron,2022-09-22,logo
lospecgoldp,1,paultron,2022-09-22,logo
lospecgolds,1,paultron,2022-09-22,logo
love,1,skeddles,2019-03-10,symbol
lozpekistan,1,kingw,2020-07-08,flag
lozpekistan,2,skeddles,2024-06-09,flag
mad,1,skeddles,2019-03-10,face
mad,2,skeddles,2020-05-23,face
madjoy,1,reverie,2020-10-25,face
mavis,1,skeddles,2024-05-26,member
mavishusking,1,skeddles,2024-06-26,membervariant
meinkraft,1,timmylittle,2024-01-05,object
menacing,1,grafxkid,2021-06-24,symbol
miffed,1,skeddles,2019-03-10,face
miku,1,birds_probably,2024-06-03,character
mountainz,1,skeddles,2020-07-13,object
mouthless,1,skeddles,2023-09-08,face
mpreg,1,birds_probably,2024-05-29,character
nah,1,skeddles,2024-06-13,face
nerdy,1,braquen,2023-03-27,face
nice,1,kingw,2019-10-10,bodypart
nice,2,skeddles,2020-04-12,bodypart
nopixels,1,braquen,2022-12-09,face
nosespec,1,gg,2023-04-03,bodypart
nosespec,2,gg,2023-04-03,bodypart
nosey,1,emman,2021-06-04,face
not,1,isa,2021-06-17,bodypart
nothing,1,skeddles,2019-03-10,face
noway,1,cookie,2023-07-07,face
nyaz,1,brillum,2024-12-11,member
okey,1,skeddles,2023-05-26,face
old,1,skeddles,2021-04-12,face
oo,1,polyphrog,2022-09-24,face
ooohhh,1,reverie,2020-10-25,smallface
oops,1,skeddles,2023-05-18,face
owo,1,grafxkid,2021-06-18,face
painscream,1,pinkvirus,2023-05-18,face
panik,1,skeddles,2021-06-04,face
papa,1,skeddles,2024-05-26,member
papah,1,skeddles,2024-05-06,membervariant
pensivecowboy,1,pureasbestos,2021-06-24,face
phrod,1,morfarius,2021-06-17,animal
phrod,2,isa,2021-06-17,animal
pikzel,1,skeddles,2023-05-30,symbol
pineappleonpizza,1,birds_probably,2024-06-03,face
pixelkisser,1,birds_probably,2024-05-06,character
pizzi,1,skeddles,2021-03-10,object
pleads,1,jibby,2023-11-17,face
pog,1,braquen,2020-07-30,face
pog,2,skeddles,2020-07-30,face
pointu,1,noxitive,2020-10-25,bodypart
pointu2,1,noxitive,2020-10-25,bodypart
pokeball,1,skeddles,2020-12-19,object
popteamchatter,1,gg,2023-03-24,face
popteamchatter,2,gg,2023-04-03,face
popteamlospec,1,noxitive,2020-07-30,face
popteamlospec,2,skeddles,2020-07-30,face
potion,1,skeddles,2023-05-18,object
pp,1,skeddles,2019-03-10,face
prideflag,1,qirlfriend,2024-06-01,flag
proud,1,skeddles,2019-06-25,face
pumpkin,1,starlane,2020-10-19,member
pun,1,skeddles,2019-07-18,word
pun,2,pureasbestos,2019-10-10,word
puu,1,skeddles,2020-07-13,object
qirl,1,qirlfriend,2023-05-17,member
qirl,2,qirlfriend,2024-06-22,member
reallygrrl,1,skeddles,2023-03-31,face
reallynow,1,skeddles,2020-10-26,bodypart
reversecard,1,grafxkid,2021-06-23,object
reversecard,2,grafxkid,2021-06-23,object
rip,1,skeddles,2019-07-16,object
rip,2,skeddles,2020-05-23,object
rip,3,pureasbestos,2020-05-23,object
riph,1,starlane,2020-10-19,object
ripper,1,noxitive,2020-07-30,face
ripper,2,skeddles,2020-07-30,face
rizz,1,braquen,2023-06-03,face
rocksus,1,rocksus,2023-03-27,face
rootytootypointandshooty,1,skeddles,2020-07-16,object
sadd,1,beeno,2023-03-27,face
sadge,1,reverie,2020-10-25,face
salut,1,skeddles,2023-05-18,face
sam,1,jamestdg,2024-05-26,membervariant
saurry,1,skeddles,2024-06-23,bodypart
scream19,1,autumnpunk,2019-08-21,symbol
scream19,2,skeddles,2020-05-29,symbol
scream19,3,rhoq,2021-05-23,symbol
serene,1,skeddles,2023-09-23,face
serene,2,skeddles,2024-11-01,face
shh,1,skeddles,2021-06-24,face
shiteatinggrin,1,skeddles,2020-04-13,face
shocked,1,skeddles,2019-03-10,face
shudder,1,skeddles,2019-03-10,face
shy,1,skeddles,2019-03-10,face
sideeye,1,cookie,2024-11-12,face
sign,1,gg,2024-12-18,object
sin,1,skeddles,2023-03-31,face
singletear,1,skeddles,2023-05-18,face
smeel,1,sk3ll,2020-10-20,face
smidge,1,Tomicit0,2024-11-15,bodypart
smile2,1,skeddles,2023-05-27,face
smiles,1,skeddles,2019-03-10,face
smirkle,1,skeddles,2023-09-08,face
smirky,1,skeddles,2023-05-18,face
smug,1,skeddles,2019-08-27,face
sniffles,1,bren,2021-03-16,face
sobby,1,skeddles,2019-03-10,face
soblood,1,pongles,2020-10-19,face
society,1,braquen,2023-09-17,face
sorry,1,isa,2021-06-17,bodypart
soup,1,skeddles,2017-07-18,object
soup,2,rhoq,2020-05-23,object
squint,1,skeddles,2020-10-26,bodypart
starry,1,nayz,2023-10-24,symbol
sus,1,grafxkid,2021-06-23,face
swearz,1,skeddles,2023-09-08,face
sweaty,1,skeddles,2019-03-10,face
sweetlo,1,noxitive,2020-07-30,face
sweetlo,2,skeddles,2020-07-30,face
tdg,1,skeddles,2024-04-24,member
tennisball,1,grafxkid,2021-06-23,object
that,1,skeddles,2021-06-25,bodypart
thatssomeoddshtt,1,skeddles,2023-03-31,face
think,1,skeddles,2019-08-07,face
this,1,skeddles,2020-04-12,bodypart
this,2,skeddles,2020-04-13,bodypart
thou,1,skeddles,2020-11-27,bodypart
thumbdown,1,skeddles,2020-04-12,bodypart
thumbup,1,hammerbeam,2019-03-10,bodypart
thumbup,2,skeddles,2020-04-12,bodypart
thy,1,skeddles,2020-11-27,bodypart
tiny,1,noxitive,2021-06-26,smallface
transflag,1,qirlfriend,2024-04-12,flag
transflag,2,qirlfriend,2024-06-01,flag
tree,1,skeddles,2019-03-13,object
treeh,1,skeddles,2023-10-03,object
tron,1,gg,2024-05-26,member
tumbleweed,1,skeddles,2021-06-24,object
uh,1,icezeekay,2022-09-20,face
upsydownsy,1,skeddles,2019-03-10,face
versus,1,bren,2021-06-27,word
vibe,1,kingw,2020-07-14,word
vibes,1,sk3ll,2020-07-30,face
vibes,2,pureasbestos,2024-06-19,face
voltorb,1,skeddles,2019-08-27,character
waitwhat,1,countmoriarty,2023-03-27,face
warn,1,skeddles,2023-05-23,symbol
waveleft,1,skeddles,2020-04-13,bodypart
waveright,1,skeddles,2020-07-08,bodypart
wheezing,1,birds_probably,2024-05-23,face
whywouldyou,1,birds_probably,2024-06-03,face
widesmile,1,skeddles,2019-03-11,face
widesmiley,1,skeddles,2023-05-18,face
wild,1,skeddles,2019-08-27,face
win,1,skeddles,2020-08-03,object
winka,1,skeddles,2024-04-01,face
wise,1,skeddles,2024-07-10,face
woah,1,skeddles,2021-06-25,face
worries,1,skeddles,2020-10-26,bodypart
xok,1,reverie,2020-10-25,face
xx,1,kingw,2020-07-08,symbol
yee,1,skeddles,2020-07-08,face
yeet,1,pureasbestos,2019-10-10,word
yeet,2,starlane,2020-05-23,word
yeet,3,skeddles,2020-05-23,word
yes,1,kingw,2021-02-20,word
yikers,1,isa,2021-06-18,face
zipped,1,skeddles,2020-05-23,face
zleep,1,skeddles,2020-11-27,face
zonked,1,jibby,2023-10-03,face
zxblack,1,skeddles,2023-05-18,pixel
zxblack2,1,skeddles,2023-05-18,pixel
zxblue,1,skeddles,2023-05-18,pixel
zxblue2,1,skeddles,2023-05-18,pixel
zxbrown,1,skeddles,2023-05-18,pixel
zxbrown2,1,skeddles,2023-05-18,pixel
zxgreen,1,skeddles,2023-05-18,pixel
zxgreen2,1,skeddles,2023-05-18,pixel
zxgrey,1,skeddles,2023-05-18,pixel
zxgrey2,1,skeddles,2023-05-18,pixel
zxoutline,1,skeddles,2023-05-18,pixel
zxpink,1,skeddles,2023-05-18,pixel
zxpink2,1,skeddles,2023-05-18,pixel
zxpurple,1,skeddles,2023-05-18,pixel
zxpurple2,1,skeddles,2023-05-18,pixel
zxred,1,skeddles,2023-05-18,pixel
zxred2,1,skeddles,2023-05-18,pixel
zxwhite,1,skeddles,2023-05-18,pixel
zxwhite2,1,skeddles,2023-05-18,pixel
zxyellow,1,skeddles,2023-05-18,pixel
zxyellow2,1,skeddles,2023-05-18,pixel
